payload_bytes,iter,http_status,top1_rdtsc,top2_rdtsc,delta_cycles,cntfrq,delta_ns,body_bytes_read,content_length,client_rtt_ns
1024000,0,200,1737854705956,1737858841597,4135641,54000000,76585944,1024000,1024000,186396018
1024000,1,200,1737864171410,1737868385437,4214027,54000000,78037537,1024000,1024000,176199007
1024000,2,200,1737874075593,1737878127409,4051816,54000000,75033629,1024000,1024000,179718628
1024000,3,200,1737883550859,1737887872261,4321402,54000000,80025962,1024000,1024000,180188177
1024000,4,200,1737892871091,1737897019370,4148279,54000000,76819981,1024000,1024000,169662211
1024000,5,200,1737901906563,1737906034727,4128164,54000000,76447481,1024000,1024000,166513521
1024000,6,200,1737910339309,1737914518197,4178888,54000000,77386814,1024000,1024000,156811761
1024000,7,200,1737919471911,1737923529267,4057356,54000000,75136222,1024000,1024000,166912739
1024000,8,200,1737927875724,1737931996509,4120785,54000000,76310833,1024000,1024000,156227532
1024000,9,200,1737936876185,1737940974089,4097904,54000000,75887111,1024000,1024000,166144266
1024000,10,200,1737945758232,1737949852734,4094502,54000000,75824111,1024000,1024000,163690435
1024000,11,200,1737954647333,1737958767670,4120337,54000000,76302537,1024000,1024000,165970569
1024000,12,200,1737963189681,1737967423718,4234037,54000000,78408092,1024000,1024000,159289129
1024000,13,200,1737972303617,1737976397675,4094058,54000000,75815888,1024000,1024000,165841920
1024000,14,200,1737980735043,1737984823199,4088156,54000000,75706592,1024000,1024000,156319304
1024000,15,200,1737989541558,1737993704552,4162994,54000000,77092481,1024000,1024000,164353726
1024000,16,200,1737998936610,1738003124898,4188288,54000000,77560888,1024000,1024000,174024825
1024000,17,200,1738009074093,1738013019495,3945402,54000000,73063000,1024000,1024000,183170014
1024000,18,200,1738019056783,1738022955651,3898868,54000000,72201259,1024000,1024000,183645429
1024000,19,200,1738028693431,1738032694415,4000984,54000000,74092296,1024000,1024000,180671554
1024000,20,200,1738038422569,1738042550498,4127929,54000000,76443129,1024000,1024000,181760951
1024000,21,200,1738048103084,1738052099387,3996303,54000000,74005611,1024000,1024000,177121832
1024000,22,200,1738057257390,1738061441344,4183954,54000000,77480629,1024000,1024000,172329899
1024000,23,200,1738067180263,1738071257207,4076944,54000000,75498962,1024000,1024000,181887575
1024000,24,200,1738075865780,1738080126505,4260725,54000000,78902314,1024000,1024000,163992434
1024000,25,200,1738085009156,1738089009339,4000183,54000000,74077462,1024000,1024000,164337034
1024000,26,200,1738094643464,1738098918077,4274613,54000000,79159500,1024000,1024000,183399306
1024000,27,200,1738104237561,1738108512938,4275377,54000000,79173648,1024000,1024000,177199148
1024000,28,200,1738114220980,1738118371675,4150695,54000000,76864722,1024000,1024000,182198722
1024000,29,200,1738123608838,1738127811722,4202884,54000000,77831185,1024000,1024000,175387095
1024000,30,200,1738133680974,1738137748954,4067980,54000000,75332962,1024000,1024000,182772404
1024000,31,200,1738143518882,1738147657690,4138808,54000000,76644592,1024000,1024000,182929619
1024000,32,200,1738152856193,1738156965270,4109077,54000000,76094018,1024000,1024000,171777588
1024000,33,200,1738162188049,1738166289163,4101114,54000000,75946555,1024000,1024000,172599071
1024000,34,200,1738172056887,1738176188697,4131810,54000000,76515000,1024000,1024000,182914952
1024000,35,200,1738181532832,1738185643692,4110860,54000000,76127037,1024000,1024000,174783869
1024000,36,200,1738190178380,1738194158509,3980129,54000000,73706092,1024000,1024000,157400810
1024000,37,200,1738198820955,1738203128822,4307867,54000000,79775314,1024000,1024000,166578126
1024000,38,200,1738208902571,1738213030406,4127835,54000000,76441388,1024000,1024000,182512243
1024000,39,200,1738218192920,1738222217996,4025076,54000000,74538444,1024000,1024000,170376138
1024000,40,200,1738227945564,1738232059790,4114226,54000000,76189370,1024000,1024000,181323182
1024000,41,200,1738237638969,1738241721900,4082931,54000000,75609833,1024000,1024000,178319903
1024000,42,200,1738247066700,1738251409969,4343269,54000000,80430907,1024000,1024000,179233228
1024000,43,200,1738257069358,1738261248298,4178940,54000000,77387777,1024000,1024000,182557361
1024000,44,200,1738266780228,1738270699666,3919438,54000000,72582185,1024000,1024000,174615062
1024000,45,200,1738276260348,1738280388070,4127722,54000000,76439296,1024000,1024000,179712344
1024000,46,200,1738286545757,1738290700981,4155224,54000000,76948592,1024000,1024000,190366472
1024000,47,200,1738296583904,1738300653795,4069891,54000000,75368351,1024000,1024000,183737203
1024000,48,200,1738306237515,1738310232077,3994562,54000000,73973370,1024000,1024000,176913704
1024000,49,200,1738315307123,1738319726043,4418920,54000000,81831851,1024000,1024000,175764732
1126400,0,200,1738325181355,1738329629344,4447989,54000000,82370166,1126400,1126400,181611281
1126400,1,200,1738335343031,1738339761342,4418311,54000000,81820574,1126400,1126400,187630269
1126400,2,200,1738345252874,1738349713329,4460455,54000000,82601018,1126400,1126400,183890018
1126400,3,200,1738354784845,1738359342168,4557323,54000000,84394870,1126400,1126400,178057228
1126400,4,200,1738365050719,1738369438161,4387442,54000000,81248925,1126400,1126400,187106245
1126400,5,200,1738375209050,1738379745833,4536783,54000000,84014500,1126400,1126400,190593598
1126400,6,200,1738385303514,1738389731592,4428078,54000000,82001444,1126400,1126400,185456575
1126400,7,200,1738397393843,1738401922750,4528907,54000000,83868648,1126400,1126400,223837440
1126400,8,200,1738406523854,1738410904158,4380304,54000000,81116740,1126400,1126400,166515548
1126400,9,200,1738415992358,1738420517542,4525184,54000000,83799703,1126400,1126400,177396732
1126400,10,200,1738426235716,1738430715110,4479394,54000000,82951740,1126400,1126400,188792022
1126400,11,200,1738436234199,1738440646141,4411942,54000000,81702629,1126400,1126400,183950431
1126400,12,200,1738445805586,1738450392118,4586532,54000000,84935777,1126400,1126400,179927948
1126400,13,200,1738455890629,1738460444483,4553854,54000000,84330629,1126400,1126400,185900003
1126400,14,200,1738466000283,1738470534564,4534281,54000000,83968166,1126400,1126400,186924656
1126400,15,200,1738476340333,1738480804269,4463936,54000000,82665481,1126400,1126400,189452380
1126400,16,200,1738486036975,1738490486084,4449109,54000000,82390907,1126400,1126400,178763122
1126400,17,200,1738495835639,1738500383402,4547763,54000000,84217833,1126400,1126400,182924172
1126400,18,200,1738505929273,1738510268185,4338912,54000000,80350222,1126400,1126400,182834007
1126400,19,200,1738515564291,1738520055235,4490944,54000000,83165629,1126400,1126400,181326466
1126400,20,200,1738524944738,1738529434345,4489607,54000000,83140870,1126400,1126400,173110945
1126400,21,200,1738534410176,1738539178346,4768170,54000000,88299444,1126400,1126400,180434863
1126400,22,200,1738544656946,1738549144512,4487566,54000000,83103074,1126400,1126400,185180421
1126400,23,200,1738554862478,1738559264262,4401784,54000000,81514518,1126400,1126400,186824922
1126400,24,200,1738564412234,1738568884572,4472338,54000000,82821074,1126400,1126400,178123439
1126400,25,200,1738573988105,1738578866165,4878060,54000000,90334444,1126400,1126400,183796709
1126400,26,200,1738584465408,1738589028790,4563382,54000000,84507074,1126400,1126400,188702835
1126400,27,200,1738594123462,1738598612091,4488629,54000000,83122759,1126400,1126400,176558418
1126400,28,200,1738604312938,1738608789010,4476072,54000000,82890222,1126400,1126400,189257172
1126400,29,200,1738614495311,1738618995781,4500470,54000000,83342037,1126400,1126400,188244462
1126400,30,200,1738624530005,1738629023138,4493133,54000000,83206166,1126400,1126400,184728892
1126400,31,200,1738633493852,1738638001270,4507418,54000000,83470703,1126400,1126400,166266284
1126400,32,200,1738642276352,1738646826356,4550004,54000000,84259333,1126400,1126400,163520583
1126400,33,200,1738652550700,1738656957390,4406690,54000000,81605370,1126400,1126400,187330160
1126400,34,200,1738662618163,1738667168980,4550817,54000000,84274388,1126400,1126400,188686353
1126400,35,200,1738673054055,1738677386043,4331988,54000000,80222000,1126400,1126400,188581730
1126400,36,200,1738682800181,1738687291299,4491118,54000000,83168851,1126400,1126400,183273942
1126400,37,200,1738693050157,1738697416985,4366828,54000000,80867185,1126400,1126400,186993382
1126400,38,200,1738702534145,1738706998525,4464380,54000000,82673703,1126400,1126400,177470975
1126400,39,200,1738712553772,1738717177342,4623570,54000000,85621666,1126400,1126400,188382680
1126400,40,200,1738722780606,1738727212891,4432285,54000000,82079351,1126400,1126400,185895255
1126400,41,200,1738732920910,1738737501177,4580267,54000000,84819759,1126400,1126400,189644377
1126400,42,200,1738743150799,1738747559062,4408263,54000000,81634500,1126400,1126400,186224770
1126400,43,200,1738751923692,1738756445850,4522158,54000000,83743666,1126400,1126400,164078272
1126400,44,200,1738762023298,1738766454494,4431196,54000000,82059185,1126400,1126400,185786930
1126400,45,200,1738772126633,1738776587424,4460791,54000000,82607240,1126400,1126400,186602196
1126400,46,200,1738781688766,1738786249261,4560495,54000000,84453611,1126400,1126400,179390794
1126400,47,200,1738792001400,1738796459550,4458150,54000000,82558333,1126400,1126400,188625172
1126400,48,200,1738802062959,1738806694353,4631394,54000000,85766555,1126400,1126400,188947493
1126400,49,200,1738812033815,1738816598534,4564719,54000000,84531833,1126400,1126400,183407481
1228800,0,200,1738822439456,1738827271574,4832118,54000000,89483666,1228800,1228800,195916753
1228800,1,200,1738832663080,1738837461597,4798517,54000000,88861425,1228800,1228800,188894483
1228800,2,200,1738842650422,1738847494613,4844191,54000000,89707240,1228800,1228800,185586763
1228800,3,200,1738853042673,1738857885151,4842478,54000000,89675518,1228800,1228800,190781895
1228800,4,200,1738862350210,1738867317077,4966867,54000000,91979018,1228800,1228800,174527273
1228800,5,200,1738872129763,1738876930962,4801199,54000000,88911092,1228800,1228800,177984595
1228800,6,200,1738881780074,1738886680298,4900224,54000000,90744888,1228800,1228800,180179521
1228800,7,200,1738891893968,1738896703835,4809867,54000000,89071611,1228800,1228800,185639424
1228800,8,200,1738901622008,1738906540596,4918588,54000000,91084962,1228800,1228800,181890303
1228800,9,200,1738911304565,1738916212649,4908084,54000000,90890444,1228800,1228800,178351615
1228800,10,200,1738920519597,1738925377662,4858065,54000000,89964166,1228800,1228800,170066531
1228800,11,200,1738930311989,1738935135066,4823077,54000000,89316240,1228800,1228800,180807262
1228800,12,200,1738939566878,1738944779989,5213111,54000000,96539092,1228800,1228800,177747411
1228800,13,200,1738949058901,1738954361880,5302979,54000000,98203314,1228800,1228800,178125257
1228800,14,200,1738959702451,1738964429359,4726908,54000000,87535333,1228800,1228800,185719394
1228800,15,200,1738969446242,1738974241264,4795022,54000000,88796703,1228800,1228800,181915237
1228800,16,200,1738979847681,1738984705450,4857769,54000000,89958685,1228800,1228800,193346496
1228800,17,200,1738989952719,1738994666736,4714017,54000000,87296611,1228800,1228800,184071541
1228800,18,200,1739000056944,1739004797649,4740705,54000000,87790833,1228800,1228800,187518596
1228800,19,200,1739010427144,1739015275995,4848851,54000000,89793537,1228800,1228800,193732304
1228800,20,200,1739020338598,1739025176024,4837426,54000000,89581962,1228800,1228800,183043046
1228800,21,200,1739030272101,1739035094261,4822160,54000000,89299259,1228800,1228800,183532081
1228800,22,200,1739040391860,1739045471595,5079735,54000000,94069166,1228800,1228800,192052393
1228800,23,200,1739051040851,1739055819072,4778221,54000000,88485574,1228800,1228800,191162395
1228800,24,200,1739061242401,1739066193813,4951412,54000000,91692814,1228800,1228800,191967046
1228800,25,200,1739071256243,1739076505022,5248779,54000000,97199611,1228800,1228800,190243344
1228800,26,200,1739081888916,1739086740562,4851646,54000000,89845296,1228800,1228800,189491704
1228800,27,200,1739091879503,1739096851014,4971511,54000000,92065018,1228800,1228800,186541506
1228800,28,200,1739101902097,1739106792631,4890534,54000000,90565444,1228800,1228800,184074754
1228800,29,200,1739112529190,1739117391217,4862027,54000000,90037537,1228800,1228800,196364512
1228800,30,200,1739122756190,1739127641930,4885740,54000000,90476666,1228800,1228800,188762413
1228800,31,200,1739132435255,1739137422524,4987269,54000000,92356833,1228800,1228800,180786031
1228800,32,200,1739141944816,1739146767542,4822726,54000000,89309740,1228800,1228800,173323337
1228800,33,200,1739151990946,1739156826554,4835608,54000000,89548296,1228800,1228800,186130555
1228800,34,200,1739161869224,1739166818909,4949685,54000000,91660833,1228800,1228800,184677072
1228800,35,200,1739171950502,1739176797208,4846706,54000000,89753814,1228800,1228800,184212762
1228800,36,200,1739182586844,1739187393867,4807023,54000000,89018944,1228800,1228800,196079976
1228800,37,200,1739191740845,1739196698987,4958142,54000000,91817444,1228800,1228800,171584200
1228800,38,200,1739201525885,1739206378865,4852980,54000000,89870000,1228800,1228800,179257328
1228800,39,200,1739211392192,1739216285699,4893507,54000000,90620500,1228800,1228800,183582787
1228800,40,200,1739221658665,1739226780718,5122053,54000000,94852833,1228800,1228800,193923114
1228800,41,200,1739231225445,1739236086718,4861273,54000000,90023574,1228800,1228800,172086504
1228800,42,200,1739241455058,1739246315185,4860127,54000000,90002351,1228800,1228800,189055681
1228800,43,200,1739251645913,1739256632104,4986191,54000000,92336870,1228800,1228800,191291116
1228800,44,200,1739262278432,1739267037156,4758724,54000000,88124518,1228800,1228800,192085918
1228800,45,200,1739273128444,1739278007859,4879415,54000000,90359537,1228800,1228800,202786281
1228800,46,200,1739283110364,1739288203184,5092820,54000000,94311481,1228800,1228800,188304600
1228800,47,200,1739294219030,1739298873466,4654436,54000000,86193259,1228800,1228800,197155334
1228800,48,200,1739303692655,1739308596016,4903361,54000000,90802981,1228800,1228800,180190419
1228800,49,200,1739314435614,1739319165623,4730009,54000000,87592759,1228800,1228800,195334063
1331200,0,200,1739325123908,1739330237568,5113660,54000000,94697407,1331200,1331200,203347741
1331200,1,200,1739335937898,1739341183416,5245518,54000000,97139222,1331200,1331200,202660845
1331200,2,200,1739346832863,1739352003644,5170781,54000000,95755203,1331200,1331200,199604347
1331200,3,200,1739357700979,1739362858058,5157079,54000000,95501462,1331200,1331200,200407600
1331200,4,200,1739368511197,1739373643580,5132383,54000000,95044129,1331200,1331200,200127323
1331200,5,200,1739379204165,1739384417708,5213543,54000000,96547092,1331200,1331200,198660361
1331200,6,200,1739390300351,1739395681447,5381096,54000000,99649925,1331200,1331200,208109853
1331200,7,200,1739401287006,1739406643610,5356604,54000000,99196370,1331200,1331200,202616705
1331200,8,200,1739412243161,1739417266269,5023108,54000000,93020518,1331200,1331200,196520820
1331200,9,200,1739422880851,1739428243420,5362569,54000000,99306833,1331200,1331200,203492105
1331200,10,200,1739433865788,1739439248298,5382510,54000000,99676111,1331200,1331200,203386155
1331200,11,200,1739445223871,1739450328927,5105056,54000000,94538074,1331200,1331200,204582061
1331200,12,200,1739455934027,1739461510617,5576590,54000000,103270185,1331200,1331200,206971218
1331200,13,200,1739467047955,1739472335329,5287374,54000000,97914333,1331200,1331200,199802280
1331200,14,200,1739477983893,1739483155249,5171356,54000000,95765851,1331200,1331200,200526402
1331200,15,200,1739489509012,1739494702862,5193850,54000000,96182407,1331200,1331200,213060119
1331200,16,200,1739500424799,1739505643872,5219073,54000000,96649500,1331200,1331200,202796758
1331200,17,200,1739511292777,1739516301588,5008811,54000000,92755759,1331200,1331200,196767223
1331200,18,200,1739521921238,1739527182478,5261240,54000000,97430370,1331200,1331200,201549798
1331200,19,200,1739531614307,1739536823912,5209605,54000000,96474166,1331200,1331200,177965811
1331200,20,200,1739542488036,1739547672982,5184946,54000000,96017518,1331200,1331200,200569634
1331200,21,200,1739552975952,1739558309802,5333850,54000000,98775000,1331200,1331200,196689839
1331200,22,200,1739563817656,1739569049479,5231823,54000000,96885611,1331200,1331200,198454398
1331200,23,200,1739574680482,1739579881090,5200608,54000000,96307555,1331200,1331200,200685083
1331200,24,200,1739585426403,1739590615193,5188790,54000000,96088703,1331200,1331200,198239285
1331200,25,200,1739596873230,1739602137426,5264196,54000000,97485111,1331200,1331200,214168932
1331200,26,200,1739607736483,1739612988699,5252216,54000000,97263259,1331200,1331200,199984009
1331200,27,200,1739618388243,1739623659897,5271654,54000000,97623222,1331200,1331200,197132358
1331200,28,200,1739629480015,1739634614598,5134583,54000000,95084870,1331200,1331200,202876867
1331200,29,200,1739640146766,1739645396858,5250092,54000000,97223925,1331200,1331200,200028918
1331200,30,200,1739650823233,1739656121367,5298134,54000000,98113592,1331200,1331200,198985408
1331200,31,200,1739661863435,1739667046558,5183123,54000000,95983759,1331200,1331200,200915982
1331200,32,200,1739672827665,1739677997330,5169665,54000000,95734537,1331200,1331200,202325814
1331200,33,200,1739682342967,1739687762873,5419906,54000000,100368629,1331200,1331200,179921599
1331200,34,200,1739692624821,1739697763431,5138610,54000000,95159444,1331200,1331200,185271290
1331200,35,200,1739703281561,1739708399167,5117606,54000000,94770481,1331200,1331200,196498891
1331200,36,200,1739713906158,1739719080009,5173851,54000000,95812055,1331200,1331200,197713166
1331200,37,200,1739724506271,1739729830115,5323844,54000000,98589703,1331200,1331200,198918918
1331200,38,200,1739735168864,1739740480552,5311688,54000000,98364592,1331200,1331200,196363816
1331200,39,200,1739745538425,1739750753419,5214994,54000000,96573962,1331200,1331200,189860752
1331200,40,200,1739755724102,1739761003857,5279755,54000000,97773240,1331200,1331200,189711570
1331200,41,200,1739766469238,1739771607691,5138453,54000000,95156537,1331200,1331200,197795998
1331200,42,200,1739776395565,1739781803289,5407724,54000000,100143037,1331200,1331200,186422428
1331200,43,200,1739786979995,1739792085250,5105255,54000000,94541759,1331200,1331200,190378423
1331200,44,200,1739796990172,1739802064045,5073873,54000000,93960611,1331200,1331200,184910976
1331200,45,200,1739806462058,1739811751013,5288955,54000000,97943611,1331200,1331200,178573927
1331200,46,200,1739817208578,1739822399360,5190782,54000000,96125592,1331200,1331200,197746061
1331200,47,200,1739827400492,1739832680773,5280281,54000000,97782981,1331200,1331200,189525860
1331200,48,200,1739837712465,1739842950974,5238509,54000000,97009425,1331200,1331200,190177068
1331200,49,200,1739850612132,1739855711058,5098926,54000000,94424555,1331200,1331200,235951066
1433600,0,200,1739860382556,1739865875856,5493300,54000000,101727777,1433600,1433600,186554639
1433600,1,200,1739870202008,1739875797889,5595881,54000000,103627425,1433600,1433600,183106048
1433600,2,200,1739880122115,1739885958935,5836820,54000000,108089259,1433600,1433600,188024955
1433600,3,200,1739890801694,1739896409274,5607580,54000000,103844074,1433600,1433600,193727978
1433600,4,200,1739901177882,1739906755323,5577441,54000000,103285944,1433600,1433600,191820452
1433600,5,200,1739911585318,1739917132116,5546798,54000000,102718481,1433600,1433600,191551211
1433600,6,200,1739921905428,1739927502751,5597323,54000000,103654129,1433600,1433600,192044435
1433600,7,200,1739931847671,1739937535363,5687692,54000000,105327629,1433600,1433600,185936887
1433600,8,200,1739942089005,1739947564894,5475889,54000000,101405351,1433600,1433600,184897009
1433600,9,200,1739952495037,1739958021412,5526375,54000000,102340277,1433600,1433600,193668194
1433600,10,200,1739962941616,1739968478854,5537238,54000000,102541444,1433600,1433600,192839518
1433600,11,200,1739973578405,1739979335480,5757075,54000000,106612500,1433600,1433600,200993159
1433600,12,200,1739984566516,1739990167301,5600785,54000000,103718240,1433600,1433600,200906625
1433600,13,200,1739995761889,1740001333693,5571804,54000000,103181555,1433600,1433600,206717834
1433600,14,200,1740006952704,1740012554611,5601907,54000000,103739018,1433600,1433600,207218322
1433600,15,200,1740018182480,1740023759709,5577229,54000000,103282018,1433600,1433600,207428756
1433600,16,200,1740029593391,1740035229746,5636355,54000000,104376944,1433600,1433600,211724462
1433600,17,200,1740040321885,1740046365516,6043631,54000000,111919092,1433600,1433600,206418771
1433600,18,200,1740052243228,1740057679691,5436463,54000000,100675240,1433600,1433600,209648267
1433600,19,200,1740063630816,1740069190497,5559681,54000000,102957055,1433600,1433600,212739127
1433600,20,200,1740075150106,1740080595843,5445737,54000000,100846981,1433600,1433600,210133111
1433600,21,200,1740086489788,1740092043313,5553525,54000000,102843055,1433600,1433600,212509417
1433600,22,200,1740097491344,1740103012737,5521393,54000000,102248018,1433600,1433600,202513552
1433600,23,200,1740108157943,1740113783973,5626030,54000000,104185740,1433600,1433600,198941061
1433600,24,200,1740118869458,1740124627826,5758368,54000000,106636444,1433600,1433600,201222731
1433600,25,200,1740130174945,1740135760912,5585967,54000000,103443833,1433600,1433600,205367508
1433600,26,200,1740140898375,1740146750313,5851938,54000000,108369222,1433600,1433600,202857873
1433600,27,200,1740151702199,1740157567632,5865433,54000000,108619129,1433600,1433600,200599950
1433600,28,200,1740163202533,1740168703066,5500533,54000000,101861722,1433600,1433600,205839152
1433600,29,200,1740174331430,1740179861703,5530273,54000000,102412462,1433600,1433600,206413113
1433600,30,200,1740186261087,1740191672092,5411005,54000000,100203796,1433600,1433600,217875942
1433600,31,200,1740196913210,1740202423174,5509964,54000000,102036370,1433600,1433600,198785942
1433600,32,200,1740206674834,1740212343560,5668726,54000000,104976407,1433600,1433600,183788058
1433600,33,200,1740216735444,1740222526022,5790578,54000000,107232925,1433600,1433600,189039413
1433600,34,200,1740227923890,1740233535621,5611731,54000000,103920944,1433600,1433600,203605813
1433600,35,200,1740238763728,1740244380434,5616706,54000000,104013074,1433600,1433600,200234187
1433600,36,200,1740249588991,1740255247681,5658690,54000000,104790555,1433600,1433600,201108609
1433600,37,200,1740261222596,1740266594225,5371629,54000000,99474611,1433600,1433600,209336284
1433600,38,200,1740271535028,1740277116154,5581126,54000000,103354185,1433600,1433600,194574745
1433600,39,200,1740282641893,1740288316500,5674607,54000000,105085314,1433600,1433600,208676835
1433600,40,200,1740295949586,1740301467664,5518078,54000000,102186629,1433600,1433600,241401472
1433600,41,200,1740305872386,1740311480753,5608367,54000000,103858648,1433600,1433600,185185947
1433600,42,200,1740315814703,1740321467197,5652494,54000000,104675814,1433600,1433600,185202988
1433600,43,200,1740325839526,1740331524987,5685461,54000000,105286314,1433600,1433600,185563723
1433600,44,200,1740336985216,1740342502523,5517307,54000000,102172351,1433600,1433600,203438681
1433600,45,200,1740347488942,1740353088082,5599140,54000000,103687777,1433600,1433600,196521663
1433600,46,200,1740357743233,1740363426176,5682943,54000000,105239685,1433600,1433600,189946312
1433600,47,200,1740367803076,1740373574833,5771757,54000000,106884388,1433600,1433600,188703334
1433600,48,200,1740378555310,1740384055817,5500507,54000000,101861240,1433600,1433600,194765484
1433600,49,200,1740388627502,1740394250647,5623145,54000000,104132314,1433600,1433600,186648649
1536000,0,200,1740399276020,1740405165028,5889008,54000000,109055703,1536000,1536000,201021378
1536000,1,200,1740410086214,1740415965410,5879196,54000000,108874000,1536000,1536000,199577253
1536000,2,200,1740421038015,1740427054414,6016399,54000000,111414796,1536000,1536000,205401592
1536000,3,200,1740432200664,1740438070519,5869855,54000000,108701018,1536000,1536000,203917169
1536000,4,200,1740442438392,1740448614231,6175839,54000000,114367388,1536000,1536000,194756335
1536000,5,200,1740453724480,1740459675796,5951316,54000000,110209555,1536000,1536000,206209037
1536000,6,200,1740464261021,1740470187739,5926718,54000000,109754037,1536000,1536000,192931991
1536000,7,200,1740474796813,1740480715025,5918212,54000000,109596518,1536000,1536000,194358097
1536000,8,200,1740485566805,1740491493736,5926931,54000000,109757981,1536000,1536000,198787480
1536000,9,200,1740496205297,1740502240031,6034734,54000000,111754333,1536000,1536000,198666722
1536000,10,200,1740507175880,1740513083765,5907885,54000000,109405277,1536000,1536000,201038699
1536000,11,200,1740518334298,1740524181224,5846926,54000000,108276407,1536000,1536000,205157285
1536000,12,200,1740529083116,1740535066155,5983039,54000000,110797018,1536000,1536000,201743126
1536000,13,200,1740539436816,1740545448367,6011551,54000000,111325018,1536000,1536000,191327510
1536000,14,200,1740550353567,1740556132020,5778453,54000000,107008388,1536000,1536000,197919762
1536000,15,200,1740561099622,1740566954903,5855281,54000000,108431129,1536000,1536000,200730067
1536000,16,200,1740572618436,1740578588666,5970230,54000000,110559814,1536000,1536000,214942647
1536000,17,200,1740584518906,1740590279311,5760405,54000000,106674166,1536000,1536000,216141976
1536000,18,200,1740595980164,1740601937841,5957677,54000000,110327351,1536000,1536000,215762524
1536000,19,200,1740607529520,1740613348957,5819437,54000000,107767351,1536000,1536000,211367224
1536000,20,200,1740619153374,1740625022136,5868762,54000000,108680777,1536000,1536000,215717475
1536000,21,200,1740631036097,1740636765010,5728913,54000000,106090981,1536000,1536000,216848009
1536000,22,200,1740642093746,1740647785308,5691562,54000000,105399296,1536000,1536000,203816947
1536000,23,200,1740652733346,1740658577429,5844083,54000000,108223759,1536000,1536000,199177059
1536000,24,200,1740663577206,1740669467783,5890577,54000000,109084759,1536000,1536000,202045822
1536000,25,200,1740673790740,1740680344259,6553519,54000000,121361462,1536000,1536000,200708137
1536000,26,200,1740685108417,1740691091574,5983157,54000000,110799203,1536000,1536000,198962854
1536000,27,200,1740695465090,1740701194936,5729846,54000000,106108259,1536000,1536000,187001214
1536000,28,200,1740706058246,1740712046625,5988379,54000000,110895907,1536000,1536000,200728182
1536000,29,200,1740716995573,1740722806812,5811239,54000000,107615537,1536000,1536000,199269530
1536000,30,200,1740727683431,1740733549710,5866279,54000000,108634796,1536000,1536000,198488278
1536000,31,200,1740738818334,1740744597554,5779220,54000000,107022592,1536000,1536000,204702196
1536000,32,200,1740748926925,1740754907535,5980610,54000000,110752037,1536000,1536000,190294966
1536000,33,200,1740759821418,1740765661623,5840205,54000000,108151944,1536000,1536000,200516421
1536000,34,200,1740770897104,1740776713444,5816340,54000000,107710000,1536000,1536000,203528500
1536000,35,200,1740781591628,1740787597920,6006292,54000000,111227629,1536000,1536000,200948534
1536000,36,200,1740792502246,1740798582491,6080245,54000000,112597129,1536000,1536000,203591917
1536000,37,200,1740803044754,1740808912655,5867901,54000000,108664833,1536000,1536000,190533197
1536000,38,200,1740813718639,1740819682631,5963992,54000000,110444296,1536000,1536000,199228813
1536000,39,200,1740824571711,1740830417234,5845523,54000000,108250425,1536000,1536000,199312694
1536000,40,200,1740835477019,1740841360526,5883507,54000000,108953833,1536000,1536000,202263800
1536000,41,200,1740846239955,1740852264969,6025014,54000000,111574333,1536000,1536000,201809478
1536000,42,200,1740857175706,1740863089537,5913831,54000000,109515388,1536000,1536000,200088849
1536000,43,200,1740867935405,1740873919944,5984539,54000000,110824796,1536000,1536000,200656665
1536000,44,200,1740878797800,1740884727997,5930197,54000000,109818462,1536000,1536000,199396854
1536000,45,200,1740889784704,1740895709187,5924483,54000000,109712648,1536000,1536000,203339787
1536000,46,200,1740900021291,1740906012582,5991291,54000000,110949833,1536000,1536000,190573706
1536000,47,200,1740910304727,1740916257940,5953213,54000000,110244685,1536000,1536000,189602412
1536000,48,200,1740921487234,1740927184587,5697353,54000000,105506537,1536000,1536000,202202340
1536000,49,200,1740932182889,1740937949452,5766563,54000000,106788203,1536000,1536000,199231258
1638400,0,200,1740942802885,1740949156299,6353414,54000000,117655814,1638400,1638400,206827909
1638400,1,200,1740954219781,1740960531431,6311650,54000000,116882407,1638400,1638400,209304370
1638400,2,200,1740965577822,1740971770464,6192642,54000000,114678555,1638400,1638400,207455302
1638400,3,200,1740976572758,1740982783252,6210494,54000000,115009148,1638400,1638400,204295577
1638400,4,200,1740987101112,1740993475861,6374749,54000000,118050907,1638400,1638400,197134810
1638400,5,200,1740997739425,1741004104747,6365322,54000000,117876333,1638400,1638400,196902654
1638400,6,200,1741008420430,1741014644666,6224236,54000000,115263629,1638400,1638400,194786161
1638400,7,200,1741019505037,1741025871456,6366419,54000000,117896648,1638400,1638400,208726497
1638400,8,200,1741030691522,1741036729196,6037674,54000000,111808777,1638400,1638400,200105053
1638400,9,200,1741041335356,1741047752470,6417114,54000000,118835444,1638400,1638400,204583256
1638400,10,200,1741053114967,1741059424241,6309274,54000000,116838407,1638400,1638400,215685700
1638400,11,200,1741064360160,1741070747517,6387357,54000000,118284388,1638400,1638400,211295219
1638400,12,200,1741075920758,1741082241470,6320712,54000000,117050222,1638400,1638400,210629414
1638400,13,200,1741087282323,1741093561279,6278956,54000000,116276962,1638400,1638400,209536386
1638400,14,200,1741098377679,1741104753777,6376098,54000000,118075888,1638400,1638400,207507754
1638400,15,200,1741110058751,1741116094604,6035853,54000000,111775055,1638400,1638400,209580666
1638400,16,200,1741120898436,1741127183753,6285317,54000000,116394759,1638400,1638400,204862067
1638400,17,200,1741131464308,1741137858447,6394139,54000000,118409981,1638400,1638400,197772957
1638400,18,200,1741142197605,1741148549549,6351944,54000000,117628592,1638400,1638400,198181254
1638400,19,200,1741153633012,1741159845876,6212864,54000000,115053037,1638400,1638400,208494972
1638400,20,200,1741164998565,1741171244126,6245561,54000000,115658537,1638400,1638400,210573681
1638400,21,200,1741175592811,1741181851597,6258786,54000000,115903444,1638400,1638400,196661351
1638400,22,200,1741186874755,1741193119879,6245124,54000000,115650444,1638400,1638400,208382107
1638400,23,200,1741197459198,1741203865665,6406467,54000000,118638277,1638400,1638400,198546458
1638400,24,200,1741208746201,1741215173170,6426969,54000000,119017944,1638400,1638400,209859895
1638400,25,200,1741220460707,1741226733568,6272861,54000000,116164092,1638400,1638400,213441815
1638400,26,200,1741231749367,1741238225100,6475733,54000000,119920981,1638400,1638400,212340546
1638400,27,200,1741243121376,1741249335489,6214113,54000000,115076166,1638400,1638400,205241309
1638400,28,200,1741254314488,1741260561336,6246848,54000000,115682370,1638400,1638400,207715674
1638400,29,200,1741265492249,1741271896113,6403864,54000000,118590074,1638400,1638400,211009007
1638400,30,200,1741276891925,1741283260074,6368149,54000000,117928685,1638400,1638400,208399567
1638400,31,200,1741288127736,1741294479984,6352248,54000000,117634222,1638400,1638400,207823999
1638400,32,200,1741299408106,1741305732848,6324742,54000000,117124851,1638400,1638400,208768963
1638400,33,200,1741310678759,1741316967160,6288401,54000000,116451870,1638400,1638400,209926246
1638400,34,200,1741322407142,1741328530445,6123303,54000000,113394500,1638400,1638400,211555382
1638400,35,200,1741332995941,1741339337083,6341142,54000000,117428555,1638400,1638400,200223996
1638400,36,200,1741344174045,1741350471727,6297682,54000000,116623740,1638400,1638400,205091988
1638400,37,200,1741355296678,1741361633710,6337032,54000000,117352444,1638400,1638400,206642761
1638400,38,200,1741366439259,1741372678407,6239148,54000000,115539777,1638400,1638400,204621462
1638400,39,200,1741377597940,1741383857193,6259253,54000000,115912092,1638400,1638400,206514601
1638400,40,200,1741388768407,1741395133952,6365545,54000000,117880462,1638400,1638400,208949575
1638400,41,200,1741400013242,1741406266719,6253477,54000000,115805129,1638400,1638400,206413191
1638400,42,200,1741411270978,1741417499104,6228126,54000000,115335666,1638400,1638400,207875892
1638400,43,200,1741421863932,1741428264741,6400809,54000000,118533500,1638400,1638400,199381980
1638400,44,200,1741433210005,1741439607459,6397454,54000000,118471370,1638400,1638400,209223076
1638400,45,200,1741443903607,1741450438766,6535159,54000000,121021462,1638400,1638400,200718199
1638400,46,200,1741455405508,1741461648455,6242947,54000000,115610129,1638400,1638400,207423386
1638400,47,200,1741466642085,1741472978142,6336057,54000000,117334388,1638400,1638400,209224054
1638400,48,200,1741477794032,1741484233152,6439120,54000000,119242962,1638400,1638400,209926316
1638400,49,200,1741489331834,1741495732058,6400224,54000000,118522666,1638400,1638400,210767913
1740800,0,200,1741500534218,1741507488473,6954255,54000000,128782500,1740800,1740800,215342639
1740800,1,200,1741512390115,1741519001235,6611120,54000000,122428148,1740800,1740800,213412972
1740800,2,200,1741523888979,1741530599182,6710203,54000000,124263018,1740800,1740800,214438114
1740800,3,200,1741535003942,1741541738805,6734863,54000000,124719685,1740800,1740800,205770993
1740800,4,200,1741545990000,1741552854490,6864490,54000000,127120185,1740800,1740800,205379808
1740800,5,200,1741557747793,1741564495245,6747452,54000000,124952814,1740800,1740800,215486025
1740800,6,200,1741569617665,1741576287900,6670235,54000000,123522870,1740800,1740800,218536866
1740800,7,200,1741581179745,1741587897490,6717745,54000000,124402685,1740800,1740800,215246675
1740800,8,200,1741592272334,1741598938038,6665704,54000000,123438962,1740800,1740800,203236634
1740800,9,200,1741603216386,1741609988835,6772449,54000000,125415722,1740800,1740800,205294182
1740800,10,200,1741614892361,1741621537385,6645024,54000000,123056000,1740800,1740800,213571095
1740800,11,200,1741625805529,1741632678297,6872768,54000000,127273481,1740800,1740800,205872194
1740800,12,200,1741637467171,1741644046763,6579592,54000000,121844296,1740800,1740800,210583531
1740800,13,200,1741648949790,1741655614388,6664598,54000000,123418481,1740800,1740800,214178163
1740800,14,200,1741659944023,1741666633654,6689631,54000000,123882055,1740800,1740800,203978847
1740800,15,200,1741671523585,1741678248269,6724684,54000000,124531185,1740800,1740800,215025347
1740800,16,200,1741683190119,1741689918726,6728607,54000000,124603833,1740800,1740800,215292841
1740800,17,200,1741694746445,1741701576707,6830262,54000000,126486333,1740800,1740800,216447121
1740800,18,200,1741706873385,1741713481974,6608589,54000000,122381277,1740800,1740800,219788994
1740800,19,200,1741718422349,1741725095982,6673633,54000000,123585796,1740800,1740800,214896418
1740800,20,200,1741729850389,1741736629819,6779430,54000000,125545000,1740800,1740800,213129694
1740800,21,200,1741740971045,1741747664163,6693118,54000000,123946629,1740800,1740800,204148074
1740800,22,200,1741752073677,1741758721084,6647407,54000000,123100129,1740800,1740800,204734118
1740800,23,200,1741763031127,1741769702399,6671272,54000000,123542074,1740800,1740800,203110990
1740800,24,200,1741773973328,1741780870321,6896993,54000000,127722092,1740800,1740800,206818974
1740800,25,200,1741785740347,1741792482708,6742361,54000000,124858537,1740800,1740800,214611463
1740800,26,200,1741796817121,1741803506134,6689013,54000000,123870611,1740800,1740800,204783987
1740800,27,200,1741808313763,1741814986101,6672338,54000000,123561814,1740800,1740800,212317710
1740800,28,200,1741819985603,1741826741394,6755791,54000000,125107240,1740800,1740800,217097561
1740800,29,200,1741831885789,1741838559384,6673595,54000000,123585092,1740800,1740800,218364287
1740800,30,200,1741843374617,1741850379102,7004485,54000000,129712685,1740800,1740800,221137227
1740800,31,200,1741855085649,1741861831791,6746142,54000000,124928555,1740800,1740800,209449995
1740800,32,200,1741866668392,1741873387781,6719389,54000000,124433129,1740800,1740800,213913531
1740800,33,200,1741878205437,1741884868399,6662962,54000000,123388185,1740800,1740800,213064951
1740800,34,200,1741889319074,1741896047332,6728258,54000000,124597370,1740800,1740800,206763450
1740800,35,200,1741901062185,1741907485475,6423290,54000000,118949814,1740800,1740800,212238020
1740800,36,200,1741912000593,1741918618442,6617849,54000000,122552759,1740800,1740800,205540236
1740800,37,200,1741923088518,1741929722884,6634366,54000000,122858629,1740800,1740800,205076695
1740800,38,200,1741934623138,1741941350766,6727628,54000000,124585703,1740800,1740800,216485327
1740800,39,200,1741945937167,1741952605662,6668495,54000000,123490648,1740800,1740800,206326310
1740800,40,200,1741957138888,1741963991546,6852658,54000000,126901074,1740800,1740800,210885110
1740800,41,200,1741968984130,1741975833499,6849369,54000000,126840166,1740800,1740800,219457246
1740800,42,200,1741980309214,1741987109146,6799932,54000000,125924666,1740800,1740800,208293132
1740800,43,200,1741991715682,1741998376686,6661004,54000000,123351925,1740800,1740800,208255208
1740800,44,200,1742002817754,1742009508959,6691205,54000000,123911203,1740800,1740800,206317579
1740800,45,200,1742014021065,1742020694161,6673096,54000000,123575851,1740800,1740800,206223433
1740800,46,200,1742025715935,1742032302998,6587063,54000000,121982648,1740800,1740800,214767142
1740800,47,200,1742037368205,1742044080752,6712547,54000000,124306425,1740800,1740800,219186888
1740800,48,200,1742049294035,1742055684908,6390873,54000000,118349500,1740800,1740800,213486099
1740800,49,200,1742060595862,1742067214859,6618997,54000000,122574018,1740800,1740800,213664965
1843200,0,200,1742071865171,1742079035924,7170753,54000000,132791722,1843200,1843200,217356747
1843200,1,200,1742083888815,1742091071577,7182762,54000000,133014111,1843200,1843200,222707348
1843200,2,200,1742095432053,1742102484082,7052029,54000000,130593129,1843200,1843200,210699611
1843200,3,200,1742107275218,1742114303550,7028332,54000000,130154296,1843200,1843200,218921628
1843200,4,200,1742118768227,1742125953529,7185302,54000000,133061148,1843200,1843200,215832374
1843200,5,200,1742131172629,1742138141956,6969327,54000000,129061611,1843200,1843200,225393893
1843200,6,200,1742142513750,1742149536783,7023033,54000000,130056166,1843200,1843200,210643388
1843200,7,200,1742153937842,1742160944731,7006889,54000000,129757203,1843200,1843200,210848584
1843200,8,200,1742165743214,1742172850742,7107528,54000000,131620888,1843200,1843200,220590504
1843200,9,200,1742177269262,1742184437418,7168156,54000000,132743629,1843200,1843200,214796826
1843200,10,200,1742189387475,1742196478322,7090847,54000000,131311981,1843200,1843200,223236960
1843200,11,200,1742201372897,1742208239684,6866787,54000000,127162722,1843200,1843200,216927847
1843200,12,200,1742213313294,1742219897543,6584249,54000000,121930537,1843200,1843200,215773289
1843200,13,200,1742224303703,1742231452037,7148334,54000000,132376555,1843200,1843200,213180332
1843200,14,200,1742236379157,1742243541121,7161964,54000000,132628962,1843200,1843200,223959407
1843200,15,200,1742248121073,1742255171571,7050498,54000000,130564777,1843200,1843200,214824274
1843200,16,200,1742260205199,1742267241445,7036246,54000000,130300851,1843200,1843200,223753932
1843200,17,200,1742272027001,1742279248982,7221981,54000000,133740388,1843200,1843200,222457803
1843200,18,200,1742284169255,1742291256046,7086791,54000000,131236870,1843200,1843200,221446210
1843200,19,200,1742296154529,1742303279092,7124563,54000000,131936351,1843200,1843200,222626611
1843200,20,200,1742308178635,1742315252478,7073843,54000000,130997092,1843200,1843200,221524923
1843200,21,200,1742319918048,1742326904631,6986583,54000000,129381166,1843200,1843200,216097147
1843200,22,200,1742331750770,1742338711614,6960844,54000000,128904518,1843200,1843200,218082827
1843200,23,200,1742343871518,1742350683878,6812360,54000000,126154814,1843200,1843200,221073743
1843200,24,200,1742355494619,1742362626564,7131945,54000000,132073055,1843200,1843200,221373226
1843200,25,200,1742367519175,1742374486924,6967749,54000000,129032388,1843200,1843200,219894809
1843200,26,200,1742379582420,1742386312343,6729923,54000000,124628203,1843200,1843200,218694573
1843200,27,200,1742392219777,1742399295399,7075622,54000000,131030037,1843200,1843200,239450797
1843200,28,200,1742404367883,1742411415345,7047462,54000000,130508555,1843200,1843200,224263710
1843200,29,200,1742416324231,1742423245171,6920940,54000000,128165555,1843200,1843200,218869039
1843200,30,200,1742428074302,1742435127148,7052846,54000000,130608259,1843200,1843200,219473383
1843200,31,200,1742440392191,1742447452838,7060647,54000000,130752722,1843200,1843200,228220682
1843200,32,200,1742453018530,1742459929582,6911052,54000000,127982444,1843200,1843200,230472599
1843200,33,200,1742464802383,1742471850040,7047657,54000000,130512166,1843200,1843200,220929101
1843200,34,200,1742476490748,1742483583569,7092821,54000000,131348537,1843200,1843200,217473665
1843200,35,200,1742488617704,1742495724626,7106922,54000000,131609666,1843200,1843200,224052857
1843200,36,200,1742501310494,1742508424402,7113908,54000000,131739037,1843200,1843200,234614933
1843200,37,200,1742513392638,1742520311293,6918655,54000000,128123240,1843200,1843200,219769792
1843200,38,200,1742525167840,1742532302327,7134487,54000000,132120129,1843200,1843200,221740037
1843200,39,200,1742537221326,1742544223437,7002111,54000000,129668722,1843200,1843200,221157275
1843200,40,200,1742549492497,1742556651077,7158580,54000000,132566296,1843200,1843200,229590704
1843200,41,200,1742561976646,1742568995193,7018547,54000000,129973092,1843200,1843200,228755533
1843200,42,200,1742573663263,1742580913199,7249936,54000000,134258074,1843200,1843200,219660909
1843200,43,200,1742585678376,1742592495362,6816986,54000000,126240481,1843200,1843200,214753805
1843200,44,200,1742597191439,1742604349663,7158224,54000000,132559703,1843200,1843200,219393344
1843200,45,200,1742610071385,1742617108175,7036790,54000000,130310925,1843200,1843200,236181281
1843200,46,200,1742621978919,1742629070545,7091626,54000000,131326407,1843200,1843200,220822592
1843200,47,200,1742633699879,1742640694603,6994724,54000000,129531925,1843200,1843200,216124946
1843200,48,200,1742645419698,1742652373255,6953557,54000000,128769574,1843200,1843200,214649532
1843200,49,200,1742657367355,1742664493425,7126070,54000000,131964259,1843200,1843200,224769996
1945600,0,200,1742669531251,1742676979154,7447903,54000000,137924129,1945600,1945600,228421479
1945600,1,200,1742682048673,1742689476027,7427354,54000000,137543592,1945600,1945600,231179333
1945600,2,200,1742694320451,1742701801249,7480798,54000000,138533296,1945600,1945600,227935937
1945600,3,200,1742707154811,1742714768313,7613502,54000000,140990777,1945600,1945600,239633295
1945600,4,200,1742720095714,1742727402451,7306737,54000000,135309944,1945600,1945600,234269355
1945600,5,200,1742733294997,1742740735367,7440370,54000000,137784629,1945600,1945600,245690698
1945600,6,200,1742745067313,1742752525939,7458626,54000000,138122703,1945600,1945600,218774334
1945600,7,200,1742757314855,1742764786728,7471873,54000000,138368018,1945600,1945600,226154476
1945600,8,200,1742769691024,1742777250064,7559040,54000000,139982222,1945600,1945600,231244984
1945600,9,200,1742782339540,1742789616833,7277293,54000000,134764685,1945600,1945600,228775858
1945600,10,200,1742794467878,1742801823480,7355602,54000000,136214851,1945600,1945600,225538888
1945600,11,200,1742806698658,1742814355628,7656970,54000000,141795740,1945600,1945600,231749734
1945600,12,200,1742820054257,1742827388695,7334438,54000000,135822925,1945600,1945600,241538588
1945600,13,200,1742832436141,1742840038881,7602740,54000000,140791481,1945600,1945600,233883548
1945600,14,200,1742845041941,1742852402217,7360276,54000000,136301407,1945600,1945600,228589311
1945600,15,200,1742857260413,1742864706072,7445659,54000000,137882574,1945600,1945600,227880065
1945600,16,200,1742870345101,1742877837674,7492573,54000000,138751351,1945600,1945600,242899531
1945600,17,200,1742883683495,1742891029067,7345572,54000000,136029111,1945600,1945600,244551366
1945600,18,200,1742898209993,1742905682064,7472071,54000000,138371685,1945600,1945600,269573613
1945600,19,200,1742910576940,1742918041066,7464126,54000000,138224555,1945600,1945600,228649933
1945600,20,200,1742922900472,1742930204311,7303839,54000000,135256277,1945600,1945600,224932939
1945600,21,200,1742935862067,1742943350216,7488149,54000000,138669425,1945600,1945600,243062962
1945600,22,200,1742949282980,1742956578320,7295340,54000000,135098888,1945600,1945600,245006388
1945600,23,200,1742961494067,1742968913289,7419222,54000000,137393000,1945600,1945600,228228437
1945600,24,200,1742973292884,1742980644443,7351559,54000000,136139981,1945600,1945600,217161193
1945600,25,200,1742985015548,1742992492139,7476591,54000000,138455388,1945600,1945600,219265255
1945600,26,200,1742997526910,1743004881301,7354391,54000000,136192425,1945600,1945600,230385789
1945600,27,200,1743011228265,1743018671930,7443665,54000000,137845648,1945600,1945600,253570421
1945600,28,200,1743023400647,1743031047410,7646763,54000000,141606722,1945600,1945600,229033297
1945600,29,200,1743035898167,1743043432151,7533984,54000000,139518222,1945600,1945600,229120740
1945600,30,200,1743048336030,1743055817640,7481610,54000000,138548333,1945600,1945600,228370077
1945600,31,200,1743060158082,1743067569330,7411248,54000000,137245333,1945600,1945600,217803112
1945600,32,200,1743072579136,1743079904719,7325583,54000000,135658944,1945600,1945600,229551317
1945600,33,200,1743086868606,1743094245020,7376414,54000000,136600259,1945600,1945600,263301867
1945600,34,200,1743098610501,1743106098309,7487808,54000000,138663111,1945600,1945600,220405079
1945600,35,200,1743110826326,1743118409882,7583556,54000000,140436222,1945600,1945600,226017098
1945600,36,200,1743123288555,1743130906566,7618011,54000000,141074277,1945600,1945600,231450951
1945600,37,200,1743135691826,1743142892854,7201028,54000000,133352370,1945600,1945600,222288371
1945600,38,200,1743147843487,1743155293296,7449809,54000000,137959425,1945600,1945600,228643649
1945600,39,200,1743160159862,1743167440341,7280479,54000000,134823685,1945600,1945600,226906747
1945600,40,200,1743171980952,1743179432524,7451572,54000000,137992074,1945600,1945600,220362126
1945600,41,200,1743183778555,1743191152718,7374163,54000000,136558574,1945600,1945600,216436723
1945600,42,200,1743195504527,1743203088859,7584332,54000000,140450592,1945600,1945600,221382868
1945600,43,200,1743208149702,1743215443316,7293614,54000000,135066925,1945600,1945600,228255677
1945600,44,200,1743220321217,1743227665124,7343907,54000000,135998277,1945600,1945600,227850523
1945600,45,200,1743232839223,1743240221893,7382670,54000000,136716111,1945600,1945600,229729484
1945600,46,200,1743245007327,1743252364983,7357656,54000000,136252888,1945600,1945600,225003272
1945600,47,200,1743256720350,1743264147209,7426859,54000000,137534425,1945600,1945600,218397190
1945600,48,200,1743268608527,1743276047288,7438761,54000000,137754833,1945600,1945600,219658887
1945600,49,200,1743280937774,1743288297531,7359757,54000000,136291796,1945600,1945600,226502362
2048000,0,200,1743293339832,1743301153944,7814112,54000000,144705777,2048000,2048000,236166269
2048000,1,200,1743305400735,1743313198675,7797940,54000000,144406296,2048000,2048000,223353392
2048000,2,200,1743317553945,1743325565367,8011422,54000000,148359666,2048000,2048000,228220687
2048000,3,200,1743331466404,1743339348323,7881919,54000000,145961462,2048000,2048000,255239509
2048000,4,200,1743344327292,1743352093095,7765803,54000000,143811166,2048000,2048000,235990058
2048000,5,200,1743357804505,1743365437506,7633001,54000000,141351870,2048000,2048000,246488299
2048000,6,200,1743371206685,1743379116120,7909435,54000000,146471018,2048000,2048000,253152628
2048000,7,200,1743384162736,1743392046011,7883275,54000000,145986574,2048000,2048000,238333190
2048000,8,200,1743396962941,1743404840695,7877754,54000000,145884333,2048000,2048000,236673044
2048000,9,200,1743409702233,1743417507631,7805398,54000000,144544407,2048000,2048000,234559134
2048000,10,200,1743421891519,1743429660527,7769008,54000000,143870518,2048000,2048000,225283060
2048000,11,200,1743434746237,1743442068745,7322508,54000000,135602000,2048000,2048000,230427697
2048000,12,200,1743447404203,1743455190115,7785912,54000000,144183555,2048000,2048000,242509257
2048000,13,200,1743461043776,1743468630217,7586441,54000000,140489648,2048000,2048000,247846867
2048000,14,200,1743473915255,1743481716207,7800952,54000000,144462074,2048000,2048000,242372506
2048000,15,200,1743487293950,1743495097534,7803584,54000000,144510814,2048000,2048000,246804684
2048000,16,200,1743499994075,1743507903642,7909567,54000000,146473462,2048000,2048000,237053893
2048000,17,200,1743512731217,1743520441236,7710019,54000000,142778129,2048000,2048000,232236886
2048000,18,200,1743525273178,1743533167346,7894168,54000000,146188296,2048000,2048000,237107462
2048000,19,200,1743538235190,1743545960522,7725332,54000000,143061703,2048000,2048000,234016461
2048000,20,200,1743550820591,1743558549548,7728957,54000000,143128833,2048000,2048000,233002914
2048000,21,200,1743563440692,1743571113232,7672540,54000000,142084074,2048000,2048000,235219771
2048000,22,200,1743578324748,1743586056686,7731938,54000000,143184037,2048000,2048000,274039319
2048000,23,200,1743590878638,1743598691495,7812857,54000000,144682537,2048000,2048000,234561580
2048000,24,200,1743604061759,1743611767742,7705983,54000000,142703388,2048000,2048000,241088740
2048000,25,200,1743616050235,1743623889894,7839659,54000000,145178870,2048000,2048000,224519897
2048000,26,200,1743628625658,1743636494449,7868791,54000000,145718351,2048000,2048000,232673260
2048000,27,200,1743641375881,1743649084656,7708775,54000000,142755092,2048000,2048000,233367770
2048000,28,200,1743653913821,1743661703341,7789520,54000000,144250370,2048000,2048000,233909814
2048000,29,200,1743666121736,1743673663662,7541926,54000000,139665296,2048000,2048000,221037921
2048000,30,200,1743678583524,1743686387445,7803921,54000000,144517055,2048000,2048000,235003192
2048000,31,200,1743691271617,1743699079642,7808025,54000000,144593055,2048000,2048000,235222635
2048000,32,200,1743704501543,1743712446096,7944553,54000000,147121351,2048000,2048000,247570643
2048000,33,200,1743717488969,1743725527423,8038454,54000000,148860259,2048000,2048000,241484466
2048000,34,200,1743730770080,1743738397780,7627700,54000000,141253703,2048000,2048000,237902266
2048000,35,200,1743743266150,1743750958741,7692591,54000000,142455388,2048000,2048000,232919314
2048000,36,200,1743755843730,1743763637117,7793387,54000000,144321981,2048000,2048000,234508221
2048000,37,200,1743767978013,1743775725681,7747668,54000000,143475333,2048000,2048000,223105037
2048000,38,200,1743780643597,1743788544508,7900911,54000000,146313166,2048000,2048000,237800786
2048000,39,200,1743793691419,1743801606412,7914993,54000000,146573944,2048000,2048000,241230660
2048000,40,200,1743807006621,1743814913316,7906695,54000000,146420277,2048000,2048000,245909589
2048000,41,200,1743819787823,1743827648239,7860416,54000000,145563259,2048000,2048000,235507871
2048000,42,200,1743831999007,1743839782298,7783291,54000000,144135018,2048000,2048000,225050558
2048000,43,200,1743844183064,1743851517981,7334917,54000000,135831796,2048000,2048000,216966478
2048000,44,200,1743855826954,1743863592170,7765216,54000000,143800296,2048000,2048000,223366456
2048000,45,200,1743867942790,1743875613263,7670473,54000000,142045796,2048000,2048000,222738715
2048000,46,200,1743880536236,1743888398636,7862400,54000000,145600000,2048000,2048000,236412676
2048000,47,200,1743893235279,1743900960778,7725499,54000000,143064796,2048000,2048000,232390680
2048000,48,200,1743906404886,1743914059602,7654716,54000000,141754000,2048000,2048000,243140911
2048000,49,200,1743919861418,1743927843645,7982227,54000000,147819018,2048000,2048000,254391910
