timestamp,mode,scheme,function,conn_mode,rate,concurrency,rps,transfer_kb_s,net_kb_s_avg,net_kb_s_max,pi_cpu_busy_avg_pct,pi_cpu_busy_med_pct,pi_cpu_busy_q3_pct,pi_cpu_busy_max_pct,lat_avg_ms,lat_p50_ms,lat_p99_ms,client_ms_avg,client_ms_p50,client_ms_p99,server_ms_avg,server_ms_p50,server_ms_p99,overhead_ms_avg,overhead_ms_p50,overhead_ms_p99,server_samples,total_requests,errors_non2xx,socket_connect_errors,socket_read_errors,socket_write_errors,socket_timeout_errors,exit_code,n_avg
2026-07-18T11:45:42+00:00,vanilla,https,graph-pagerank,initial,16,64.0,15.97,8.96,66.055,198.685,25.375,21.885,47.745,70.595,285.705,272.38,566.015,285.705,272.38,566.015,19.221,17.2,45.823,266.484,255.18,520.192,960.0,0.0,0.0,0.0,0.0,0.0,0.0,0.0,2
2026-07-18T11:46:49+00:00,vanilla,https,graph-pagerank,initial,32,64.0,31.955,17.925,125.97,173.185,41.455,43.665,50.285,69.395,270.175,275.905,457.855,270.175,275.905,457.855,18.522,17.016,45.391,251.652,258.889,412.463,1920.5,0.0,0.0,0.0,0.0,0.0,0.0,0.0,2
2026-07-18T11:47:58+00:00,vanilla,https,graph-pagerank,initial,48,64.0,45.765,25.68,179.62,304.67,62.165,58.94,72.94,99.75,853.905,285.82,3875.215,853.905,285.82,3875.215,19.187,17.476,47.834,834.718,268.344,3827.38,2750.0,0.0,0.0,0.0,0.0,0.0,0.0,0.0,2
2026-07-18T11:49:04+00:00,vanilla,https,graph-pagerank,initial,64,64.0,62.26,34.94,249.61,377.5,79.17,76.35,82.54,100.0,962.61,521.345,3930.0,962.61,521.345,3930.0,20.464,19.23,50.579,942.146,502.114,3879.42,3741.0,0.0,0.0,0.0,0.0,0.0,0.0,0.0,2
2026-07-18T11:50:10+00:00,vanilla,https,graph-pagerank,initial,80,64.0,78.335,43.965,314.17,373.605,96.135,98.49,98.995,100.0,496.285,477.31,1410.0,496.285,477.31,1410.0,21.454,19.92,55.76,474.832,457.39,1354.24,4705.0,0.0,0.0,0.0,0.0,0.0,0.0,0.0,2
2026-07-18T11:51:17+00:00,vanilla,https,graph-pagerank,initial,96,64.0,72.735,40.835,289.72,367.23,96.965,99.495,99.75,100.0,7075.0,6170.0,15080.0,7075.0,6170.0,15080.0,24.456,22.504,69.412,7050.544,6147.496,15010.588,4370.0,0.0,0.0,0.0,0.0,0.0,0.0,0.0,2
2026-07-18T11:52:24+00:00,vanilla,https,graph-pagerank,initial,112,64.0,73.74,41.405,294.405,357.62,97.405,99.5,99.75,100.0,11320.0,11065.0,20515.0,11320.0,11065.0,20515.0,25.621,23.077,77.003,11294.378,11041.923,20437.997,4430.5,0.0,0.0,0.0,0.0,0.0,0.0,0.0,2
2026-07-18T11:53:31+00:00,vanilla,https,graph-pagerank,initial,128,64.0,69.425,38.985,277.385,357.055,97.44,99.5,99.75,100.0,15000.0,14650.0,27420.0,15000.0,14650.0,27420.0,26.457,23.666,79.299,14973.543,14626.334,27340.701,4170.5,0.0,0.0,0.0,0.0,0.0,0.0,0.0,2
2026-07-18T11:54:37+00:00,vanilla,https,graph-pagerank,initial,144,64.0,63.505,35.66,253.37,365.79,95.58,99.495,99.75,100.0,18100.0,18905.0,30715.0,18100.0,18905.0,30715.0,26.731,23.816,84.315,18073.268,18881.184,30630.685,3814.0,0.0,0.0,0.0,0.0,0.0,0.0,0.0,2
