timestamp,mode,scheme,function,rate,concurrency,rps,transfer_kb_s,net_kb_s_avg,net_kb_s_max,pi_cpu_busy_avg_pct,pi_cpu_busy_med_pct,pi_cpu_busy_q3_pct,pi_cpu_busy_max_pct,lat_avg_ms,lat_p50_ms,lat_p99_ms,client_ms_avg,client_ms_p50,client_ms_p99,server_ms_avg,server_ms_p50,server_ms_p99,overhead_ms_avg,overhead_ms_p50,overhead_ms_p99,server_samples,total_requests,errors_non2xx,socket_connect_errors,socket_read_errors,socket_write_errors,socket_timeout_errors,exit_code
2026-07-30T10:48:32+00:00,proto,https,objectrecognition,2,32,2.13,1.45,17.91,237.9,14.26,2.26,9.95,86.67,2490.0,2640.0,2810.0,2490.0,2640.0,2810.0,0.0,0.0,0.0,0.0,0.0,0.0,0,0,0,0,0,0,0,0
2026-07-30T10:49:40+00:00,proto,https,objectrecognition,4,32,4.26,2.85,34.62,179.38,25.72,8.77,55.5,89.23,1970.0,1850.0,2670.0,1970.0,1850.0,2670.0,0.0,0.0,0.0,0.0,0.0,0.0,0,0,0,0,0,0,0,0
2026-07-30T10:50:48+00:00,proto,https,objectrecognition,6,32,5.86,3.9,51.67,179.71,42.32,41.52,78.48,97.74,1960.0,2060.0,2580.0,1960.0,2060.0,2580.0,0.0,0.0,0.0,0.0,0.0,0.0,0,0,0,0,0,0,0,0
2026-07-30T10:51:54+00:00,proto,https,objectrecognition,8,32,7.99,5.47,69.35,243.35,47.5,52.42,63.1,98.48,2110.0,2180.0,2450.0,2110.0,2180.0,2450.0,0.0,0.0,0.0,0.0,0.0,0.0,0,0,0,0,0,0,0,0
2026-07-30T10:53:02+00:00,proto,https,objectrecognition,10,32,10.12,6.89,78.63,248.05,59.81,62.94,86.4,97.97,2080.0,2140.0,2420.0,2080.0,2140.0,2420.0,0.0,0.0,0.0,0.0,0.0,0.0,0,0,0,0,0,0,0,0
2026-07-30T10:54:09+00:00,proto,https,objectrecognition,12,32,11.72,8.08,100.38,260.35,66.02,63.27,84.73,97.48,2090.0,2150.0,2370.0,2090.0,2150.0,2370.0,0.0,0.0,0.0,0.0,0.0,0.0,0,0,0,0,0,0,0,0
2026-07-30T10:55:15+00:00,proto,https,objectrecognition,14,32,13.62,9.52,113.86,206.69,83.46,82.78,89.34,98.49,1660.0,1650.0,2690.0,1660.0,1650.0,2690.0,0.0,0.0,0.0,0.0,0.0,0.0,0,0,0,0,0,0,0,0
2026-07-30T10:56:22+00:00,proto,https,objectrecognition,16,32,14.9,9.97,124.62,261.47,84.21,86.11,93.65,99.25,4150.0,4020.0,7960.0,4150.0,4020.0,7960.0,0.0,0.0,0.0,0.0,0.0,0.0,0,0,0,0,0,0,0,0
2026-07-30T10:57:28+00:00,proto,https,objectrecognition,20,32,14.42,9.9,118.11,255.84,85.1,84.81,93.2,99.5,10860.0,10930.0,19200.0,10860.0,10930.0,19200.0,0.0,0.0,0.0,0.0,0.0,0.0,0,0,0,0,0,0,0,0
