timestamp,mode,scheme,function,conn_mode,rate,concurrency,rps,transfer_kb_s,net_kb_s_avg,net_kb_s_max,pi_cpu_busy_avg_pct,pi_cpu_busy_med_pct,pi_cpu_busy_q3_pct,pi_cpu_busy_max_pct,lat_avg_ms,lat_p50_ms,lat_p99_ms,client_ms_avg,client_ms_p50,client_ms_p99,server_ms_avg,server_ms_p50,server_ms_p99,overhead_ms_avg,overhead_ms_p50,overhead_ms_p99,server_samples,total_requests,errors_non2xx,socket_connect_errors,socket_read_errors,socket_write_errors,socket_timeout_errors,exit_code
2026-07-18T09:16:49+00:00,vanilla,https,dynamic-html,initial,16,32,15.99,562.72,624.29,1311.66,25.92,9.85,47.09,53.55,277.02,273.66,422.65,277.02,273.66,422.65,22.104,20.861,56.776,254.916,252.799,365.874,960,0,0,0,0,0,0,0
2026-07-18T09:17:57+00:00,vanilla,https,dynamic-html,initial,32,32,31.83,1116.16,1242.62,2664.22,49.2,47.1,48.72,100.0,348.1,298.75,2090.0,348.1,298.75,2090.0,22.659,21.173,54.915,325.441,277.577,2035.085,1912,0,0,0,0,0,0,0
2026-07-18T09:19:05+00:00,vanilla,https,dynamic-html,initial,48,32,47.83,1679.36,1852.12,2330.51,67.3,69.74,75.19,79.9,192.84,175.23,337.92,192.84,175.23,337.92,19.819,18.271,47.697,173.021,156.959,290.223,2872,0,0,0,0,0,0,0
2026-07-18T09:20:12+00:00,vanilla,https,dynamic-html,initial,64,32,63.68,2242.56,2541.62,3054.37,89.21,91.88,95.44,99.5,457.21,337.15,1700.0,457.21,337.15,1700.0,22.493,21.258,53.892,434.717,315.892,1646.108,3824,0,0,0,0,0,0,0
2026-07-18T09:21:19+00:00,vanilla,https,dynamic-html,initial,80,32,67.88,2385.92,2706.48,3120.8,96.36,99.25,99.49,100.0,5280.0,5190.0,9640.0,5280.0,5190.0,9640.0,23.765,22.414,54.305,5256.235,5167.586,9585.695,4076,0,0,0,0,0,0,0
2026-07-18T09:22:25+00:00,vanilla,https,dynamic-html,initial,96,32,65.17,2293.76,2603.28,3080.32,96.83,99.24,99.5,99.75,10610.0,10460.0,18910.0,10610.0,10460.0,18910.0,24.929,23.606,60.547,10585.071,10436.394,18849.453,3913,0,0,0,0,0,0,0
2026-07-18T09:23:32+00:00,vanilla,https,dynamic-html,initial,112,32,63.82,2242.56,2554.39,2984.48,96.72,99.24,99.5,100.0,14630.0,14450.0,25620.0,14630.0,14450.0,25620.0,25.002,23.392,63.839,14604.998,14426.608,25556.161,3832,0,0,0,0,0,0,0
2026-07-18T09:24:39+00:00,vanilla,https,dynamic-html,initial,128,32,57.09,2007.04,2263.37,3040.09,95.09,99.0,99.5,100.0,21110.0,21860.0,33130.0,21110.0,21860.0,33130.0,25.153,23.547,66.634,21084.847,21836.453,33063.366,3428,0,0,0,0,0,0,0
2026-07-18T09:25:46+00:00,vanilla,https,dynamic-html,initial,144,32,60.57,2129.92,2415.53,2881.93,96.86,99.24,99.5,100.0,19450.0,19380.0,34140.0,19450.0,19380.0,34140.0,25.945,24.094,71.728,19424.055,19355.906,34068.272,3637,0,0,0,0,0,0,0
