timestamp,mode,scheme,function,conn_mode,alt_functions,rate,concurrency,rps,transfer_kb_s,net_kb_s_avg,net_kb_s_max,pi_cpu_busy_avg_pct,pi_cpu_busy_med_pct,pi_cpu_busy_q3_pct,pi_cpu_busy_max_pct,lat_avg_ms,lat_p50_ms,lat_p99_ms,client_ms_avg,client_ms_p50,client_ms_p99,server_ms_avg,server_ms_p50,server_ms_p99,overhead_ms_avg,overhead_ms_p50,overhead_ms_p99,server_samples,total_requests,errors_non2xx,socket_connect_errors,socket_read_errors,socket_write_errors,socket_timeout_errors,exit_code
2026-07-21T15:01:11+00:00,proto,https,sumprod-timing-fn-a,keepalive,,64,56,64.36,10.43,37.65,53.24,11.92,9.87,12.88,35.68,28.74,28.85,59.9,28.74,28.85,59.9,0.0,0.0,0.0,28.74,28.85,59.9,0,0,0,0,0,0,0,0
2026-07-21T15:02:19+00:00,proto,https,sumprod-timing-fn-a,keepalive,,128,56,128.34,20.81,67.61,88.45,15.43,14.68,16.28,42.09,9.87,8.43,27.9,9.87,8.43,27.9,0.0,0.0,0.0,9.87,8.43,27.9,0,0,0,0,0,0,0,0
2026-07-21T15:03:26+00:00,proto,https,sumprod-timing-fn-a,keepalive,,192,56,191.77,31.09,100.32,192.26,30.73,21.39,30.77,100.0,28.5,9.3,855.04,28.5,9.3,855.04,0.0,0.0,0.0,28.5,9.3,855.04,0,0,0,0,0,0,0,0
2026-07-21T15:04:34+00:00,proto,https,sumprod-timing-fn-a,keepalive,,256,56,256.46,41.57,131.63,151.16,26.06,24.55,25.69,78.63,13.32,11.41,37.63,13.32,11.41,37.63,0.0,0.0,0.0,13.32,11.41,37.63,0,0,0,0,0,0,0,0
2026-07-21T15:05:42+00:00,proto,https,sumprod-timing-fn-a,keepalive,,320,56,318.81,51.68,162.59,588.06,33.59,33.25,35.26,85.71,104.81,5.07,2360.0,104.81,5.07,2360.0,0.0,0.0,0.0,104.81,5.07,2360.0,0,0,0,0,0,0,0,0
2026-07-21T15:06:49+00:00,proto,https,sumprod-timing-fn-a,keepalive,,384,56,382.62,62.03,193.68,609.95,43.15,34.9,56.66,86.68,844.5,6.25,7090.0,844.5,6.25,7090.0,0.0,0.0,0.0,844.5,6.25,7090.0,0,0,0,0,0,0,0,0
2026-07-21T15:07:57+00:00,proto,https,sumprod-timing-fn-a,keepalive,,448,56,446.2,72.33,225.31,241.15,39.66,39.95,42.93,60.21,7.31,5.82,24.0,7.31,5.82,24.0,0.0,0.0,0.0,7.31,5.82,24.0,0,0,0,0,0,0,0,0
2026-07-21T15:09:06+00:00,proto,https,sumprod-timing-fn-a,keepalive,,512,56,512.04,83.01,253.77,280.8,45.5,44.1,54.9,84.54,14.88,13.53,38.65,14.88,13.53,38.65,0.0,0.0,0.0,14.88,13.53,38.65,0,0,0,0,0,0,0,0
2026-07-21T15:10:13+00:00,proto,https,sumprod-timing-fn-a,keepalive,,576,56,450.22,72.99,231.1,317.74,51.51,48.85,53.25,100.0,9.62,8.22,31.15,9.62,8.22,31.15,0.0,0.0,0.0,9.62,8.22,31.15,0,0,0,0,0,0,0,0
2026-07-21T15:11:19+00:00,proto,https,sumprod-timing-fn-a,keepalive,,640,56,637.37,103.32,329.59,347.86,53.66,54.26,55.96,65.97,8.25,6.89,28.14,8.25,6.89,28.14,0.0,0.0,0.0,8.25,6.89,28.14,0,0,0,0,0,0,0,0
2026-07-21T15:12:26+00:00,proto,https,sumprod-timing-fn-a,keepalive,,704,56,704.0,114.12,359.06,661.47,63.13,60.26,75.45,92.51,557.33,17.61,3600.0,557.33,17.61,3600.0,0.0,0.0,0.0,557.33,17.61,3600.0,0,0,0,0,0,0,0,0
2026-07-21T15:13:32+00:00,proto,https,sumprod-timing-fn-a,keepalive,,768,56,766.39,124.24,394.21,409.22,63.4,63.64,65.89,73.23,8.38,6.73,30.59,8.38,6.73,30.59,0.0,0.0,0.0,8.38,6.73,30.59,0,0,0,0,0,0,0,0
2026-07-21T15:14:43+00:00,proto,https,sumprod-timing-fn-a,keepalive,,832,56,828.35,134.28,399.36,443.91,61.58,66.15,68.39,78.63,13.43,11.25,42.24,13.43,11.25,42.24,0.0,0.0,0.0,13.43,11.25,42.24,0,0,0,0,0,0,0,0
2026-07-21T15:15:49+00:00,proto,https,sumprod-timing-fn-a,keepalive,,896,56,896.03,145.25,449.96,701.07,74.2,75.26,88.77,100.0,1630.0,712.19,5810.0,1630.0,712.19,5810.0,0.0,0.0,0.0,1630.0,712.19,5810.0,0,0,0,0,0,0,0,0
2026-07-21T15:16:56+00:00,proto,https,sumprod-timing-fn-a,keepalive,,960,56,957.95,155.29,486.45,669.9,75.51,74.94,86.05,93.8,402.66,17.66,2490.0,402.66,17.66,2490.0,0.0,0.0,0.0,402.66,17.66,2490.0,0,0,0,0,0,0,0,0
2026-07-21T15:18:02+00:00,proto,https,sumprod-timing-fn-a,keepalive,,1024,56,809.54,131.23,407.38,581.78,68.09,74.81,77.98,86.91,70.08,8.04,86.21,70.08,8.04,86.21,0.0,0.0,0.0,70.08,8.04,86.21,0,0,0,0,0,0,0,0
2026-07-21T15:19:09+00:00,proto,https,sumprod-timing-fn-a,keepalive,,1088,56,1085.61,175.99,544.88,604.6,79.0,79.02,83.64,95.8,16.04,10.5,87.93,16.04,10.5,87.93,0.0,0.0,0.0,16.04,10.5,87.93,0,0,0,0,0,0,0,0
2026-07-21T15:20:15+00:00,proto,https,sumprod-timing-fn-a,keepalive,,1152,56,1103.34,178.86,557.08,638.27,85.33,87.79,89.21,92.31,997.84,748.03,3420.0,997.84,748.03,3420.0,0.0,0.0,0.0,997.84,748.03,3420.0,0,0,0,0,0,0,0,0
2026-07-21T15:21:22+00:00,proto,https,sumprod-timing-fn-a,keepalive,,1216,56,1073.63,174.04,542.43,629.98,85.28,87.56,89.09,94.27,3640.0,3450.0,7700.0,3640.0,3450.0,7700.0,0.0,0.0,0.0,3640.0,3450.0,7700.0,0,0,0,0,0,0,0,0
